{
  "VolCholeskyLines": [
    [
      0.3,
      0,
      0,
      0
    ],
    [
      0.024,
      0.29903845906505067,
      0,
      0
    ],
    [
      0.024,
      0.02215099696778153,
      0.29821692328460053,
      0
    ],
    [
      0.024,
      0.02215099696778153,
      0.02056668436445521,
      0.29750688198357056
    ]
  ],
  "MathPaymentDates": [
    0.1626984126984127,
    0.25396825396825395,
    0.5198412698412699,
    0.8531746031746031
  ],
  "Strikes": [
    10,
    10.1,
    10.2,
    10.3
  ],
  "DomesticInterestRate": 0.01,
  "RelativeFiniteDifferenceStep": 0.1,
  "SampleNb": 10000
}
