{
    "time": 195.7660801410675,
    "initialPrice": 4.69013,
    "initialPriceStdDev": 0.0299787,
    "finalPnL": 0.0980623
}