{
    "time": 4.580219745635986,
    "initialPrice": 8.2032,
    "initialPriceStdDev": 0.0473081,
    "finalPnL": -0.105323
}