{
    "time": 108.96630311012268,
    "initialPrice": 9.15044,
    "initialPriceStdDev": 0.0552519,
    "finalPnL": -0.204701
}