{
    "time": 10.068573951721191,
    "initialPrice": 6.39908,
    "initialPriceStdDev": 0.0315012,
    "finalPnL": 0.0878527
}