{
    "time": 3.3841519355773926,
    "initialPrice": 10.3034,
    "initialPriceStdDev": 0.065466,
    "finalPnL": -0.365717
}