{
    "time": 21.10544991493225,
    "initialPrice": 1.25643,
    "initialPriceStdDev": 0.000584936,
    "finalPnL": 0.0184826
}